Country/Region,Province/State,Month,Confirmed
Australia,Australian Capital Territory,2020-01,0
Australia,Australian Capital Territory,2020-02,0
Australia,Australian Capital Territory,2020-03,579
Australia,Australian Capital Territory,2020-04,3028
Australia,Australian Capital Territory,2020-05,3314
Australia,Australian Capital Territory,2020-06,3235
Australia,Australian Capital Territory,2020-07,3470
Australia,Australian Capital Territory,2020-08,3503
Australia,Australian Capital Territory,2020-09,3390
Australia,Australian Capital Territory,2020-10,3514
Australia,Australian Capital Territory,2020-11,3443
Australia,Australian Capital Territory,2020-12,3639
Australia,Australian Capital Territory,2021-01,3658
Australia,Australian Capital Territory,2021-02,3304
Australia,Australian Capital Territory,2021-03,3793
Australia,Australian Capital Territory,2021-04,3692
Australia,Australian Capital Territory,2021-05,3844
Australia,Australian Capital Territory,2021-06,3720
Australia,Australian Capital Territory,2021-07,3844
Australia,Australian Capital Territory,2021-08,6607
Australia,Australian Capital Territory,2021-09,20954
Australia,Australian Capital Territory,2021-10,46670
Australia,Australian Capital Territory,2021-11,59247
Australia,Australian Capital Territory,2021-12,77470
Australia,Australian Capital Territory,2022-01,684834
Australia,Australian Capital Territory,2022-02,1201574
Australia,Australian Capital Territory,2022-03,1980709
Australia,Australian Capital Territory,2022-04,2254127
Australia,New South Wales,2020-01,23
Australia,New South Wales,2020-02,116
Australia,New South Wales,2020-03,15757
Australia,New South Wales,2020-04,84561
Australia,New South Wales,2020-05,95130
Australia,New South Wales,2020-06,94155
Australia,New South Wales,2020-07,109877
Australia,New South Wales,2020-08,122019
Australia,New South Wales,2020-09,125176
Australia,New South Wales,2020-10,134117
Australia,New South Wales,2020-11,135076
Australia,New South Wales,2020-12,146392
Australia,New South Wales,2021-01,156463
Australia,New South Wales,2021-02,143935
Australia,New South Wales,2021-03,162604
Australia,New South Wales,2021-04,161175
Australia,New South Wales,2021-05,172090
Australia,New South Wales,2021-06,169704
Australia,New South Wales,2021-07,218148
Australia,New South Wales,2021-08,499097
Australia,New South Wales,2021-09,1437924
Australia,New South Wales,2021-10,2195840
Australia,New South Wales,2021-11,2365268
Australia,New South Wales,2021-12,3353566
Australia,New South Wales,2022-01,22772993
Australia,New South Wales,2022-02,34037344
Australia,New South Wales,2022-03,48070913
Australia,New South Wales,2022-04,51622859
Australia,Northern Territory,2020-01,0
Australia,Northern Territory,2020-02,0
Australia,Northern Territory,2020-03,126
Australia,Northern Territory,2020-04,815
Australia,Northern Territory,2020-05,897
Australia,Northern Territory,2020-06,870
Australia,Northern Territory,2020-07,955
Australia,Northern Territory,2020-08,1023
Australia,Northern Territory,2020-09,990
Australia,Northern Territory,2020-10,1041
Australia,Northern Territory,2020-11,1339
Australia,Northern Territory,2020-12,2063
Australia,Northern Territory,2021-01,2857
Australia,Northern Territory,2021-02,2870
Australia,Northern Territory,2021-03,3280
Australia,Northern Territory,2021-04,3884
Australia,Northern Territory,2021-05,5243
Australia,Northern Territory,2021-06,5286
Australia,Northern Territory,2021-07,5888
Australia,Northern Territory,2021-08,6194
Australia,Northern Territory,2021-09,6153
Australia,Northern Territory,2021-10,6827
Australia,Northern Territory,2021-11,7514
Australia,Northern Territory,2021-12,11380
Australia,Northern Territory,2022-01,234871
Australia,Northern Territory,2022-02,866485
Australia,Northern Territory,2022-03,1417124
Australia,Northern Territory,2022-04,1398681
Australia,Queensland,2020-01,6
Australia,Queensland,2020-02,136
Australia,Queensland,2020-03,6277
Australia,Queensland,2020-04,29303
Australia,Queensland,2020-05,32606
Australia,Queensland,2020-06,31929
Australia,Queensland,2020-07,33242
Australia,Queensland,2020-08,34018
Australia,Queensland,2020-09,34394
Australia,Queensland,2020-10,36085
Australia,Queensland,2020-11,35612
Australia,Queensland,2020-12,38128
Australia,Queensland,2021-01,39943
Australia,Queensland,2021-02,36938
Australia,Queensland,2021-03,43346
Australia,Queensland,2021-04,45465
Australia,Queensland,2021-05,49329
Australia,Queensland,2021-06,49723
Australia,Queensland,2021-07,54356
Australia,Queensland,2021-08,60180
Australia,Queensland,2021-09,60274
Australia,Queensland,2021-10,64171
Australia,Queensland,2021-11,63251
Australia,Queensland,2021-12,119486
Australia,Queensland,2022-01,6716565
Australia,Queensland,2022-02,14106852
Australia,Queensland,2022-03,20409168
Australia,Queensland,2022-04,22087230
Australia,South Australia,2020-01,0
Australia,South Australia,2020-02,58
Australia,South Australia,2020-03,2675
Australia,South Australia,2020-04,12734
Australia,South Australia,2020-05,13609
Australia,South Australia,2020-06,13206
Australia,South Australia,2020-07,13787
Australia,South Australia,2020-08,14271
Australia,South Australia,2020-09,13975
Australia,South Australia,2020-10,14921
Australia,South Australia,2020-11,16068
Australia,South Australia,2020-12,17532
Australia,South Australia,2021-01,18313
Australia,South Australia,2021-02,16997
Australia,South Australia,2021-03,19682
Australia,South Australia,2021-04,20516
Australia,South Australia,2021-05,23026
Australia,South Australia,2021-06,23359
Australia,South Australia,2021-07,25814
Australia,South Australia,2021-08,26913
Australia,South Australia,2021-09,26787
Australia,South Australia,2021-10,28306
Australia,South Australia,2021-11,27655
Australia,South Australia,2021-12,78721
Australia,South Australia,2022-01,2176645
Australia,South Australia,2022-02,3688087
Australia,South Australia,2022-03,6059154
Australia,South Australia,2022-04,8305104
Australia,Tasmania,2020-01,0
Australia,Tasmania,2020-02,0
Australia,Tasmania,2020-03,565
Australia,Tasmania,2020-04,4666
Australia,Tasmania,2020-05,7027
Australia,Tasmania,2020-06,6840
Australia,Tasmania,2020-07,7080
Australia,Tasmania,2020-08,7120
Australia,Tasmania,2020-09,6901
Australia,Tasmania,2020-10,7130
Australia,Tasmania,2020-11,6900
Australia,Tasmania,2020-12,7225
Australia,Tasmania,2021-01,7254
Australia,Tasmania,2021-02,6552
Australia,Tasmania,2021-03,7254
Australia,Tasmania,2021-04,7020
Australia,Tasmania,2021-05,7254
Australia,Tasmania,2021-06,7020
Australia,Tasmania,2021-07,7254
Australia,Tasmania,2021-08,7282
Australia,Tasmania,2021-09,7050
Australia,Tasmania,2021-10,7334
Australia,Tasmania,2021-11,7137
Australia,Tasmania,2021-12,10055
Australia,Tasmania,2022-01,546659
Australia,Tasmania,2022-02,1034865
Australia,Tasmania,2022-03,2030403
Australia,Tasmania,2022-04,2859744
Australia,Victoria,2020-01,9
Australia,Victoria,2020-02,119
Australia,Victoria,2020-03,6924
Australia,Victoria,2020-04,37825
Australia,Victoria,2020-05,47713
Australia,Victoria,2020-06,54306
Australia,Victoria,2020-07,173438
Australia,Victoria,2020-08,508954
Australia,Victoria,2020-09,596178
Australia,Victoria,2020-10,629229
Australia,Victoria,2020-11,610350
Australia,Victoria,2020-12,630980
Australia,Victoria,2021-01,633101
Australia,Victoria,2021-02,573123
Australia,Victoria,2021-03,634965
Australia,Victoria,2021-04,614893
Australia,Victoria,2021-05,637003
Australia,Victoria,2021-06,620166
Australia,Victoria,2021-07,644916
Australia,Victoria,2021-08,661575
Australia,Victoria,2021-09,845821
Australia,Victoria,2021-10,2028205
Australia,Victoria,2021-11,3212929
Australia,Victoria,2021-12,4502254
Australia,Victoria,2022-01,17913911
Australia,Victoria,2022-02,27276523
Australia,Victoria,2022-03,36006797
Australia,Victoria,2022-04,35425452
Australia,Western Australia,2020-01,0
Australia,Western Australia,2020-02,2
Australia,Western Australia,2020-03,2776
Australia,Western Australia,2020-04,15274
Australia,Western Australia,2020-05,17329
Australia,Western Australia,2020-06,18070
Australia,Western Australia,2020-07,19871
Australia,Western Australia,2020-08,20183
Australia,Western Australia,2020-09,19895
Australia,Western Australia,2020-10,22327
Australia,Western Australia,2020-11,23726
Australia,Western Australia,2020-12,26087
Australia,Western Australia,2021-01,27423
Australia,Western Australia,2021-02,25471
Australia,Western Australia,2021-03,28725
Australia,Western Australia,2021-04,29065
Australia,Western Australia,2021-05,31449
Australia,Western Australia,2021-06,30597
Australia,Western Australia,2021-07,32248
Australia,Western Australia,2021-08,33041
Australia,Western Australia,2021-09,32724
Australia,Western Australia,2021-10,34407
Australia,Western Australia,2021-11,33479
Australia,Western Australia,2021-12,35033
Australia,Western Australia,2022-01,40886
Australia,Western Australia,2022-02,93325
Australia,Western Australia,2022-03,2408190
Australia,Western Australia,2022-04,6797690
Canada,Alberta,2020-01,0
Canada,Alberta,2020-02,0
Canada,Alberta,2020-03,5662
Canada,Alberta,2020-04,76102
Canada,Alberta,2020-05,200503
Canada,Alberta,2020-06,225082
Canada,Alberta,2020-07,286502
Canada,Alberta,2020-08,378646
Canada,Alberta,2020-09,479121
Canada,Alberta,2020-10,685933
Canada,Alberta,2020-11,1224690
Canada,Alberta,2020-12,2573776
Canada,Alberta,2021-01,3559487
Canada,Alberta,2021-02,3611874
Canada,Alberta,2021-03,4338742
Canada,Alberta,2021-04,5034774
Canada,Alberta,2021-05,6677134
Canada,Alberta,2021-06,6914142
Canada,Alberta,2021-07,7217973
Canada,Alberta,2021-08,7480455
Canada,Alberta,2021-09,8236090
Canada,Alberta,2021-10,9715887
Canada,Alberta,2021-11,9899011
Canada,Alberta,2021-12,10621958
Canada,Alberta,2022-01,13511010
Canada,Alberta,2022-02,14409057
Canada,Alberta,2022-03,16510184
Canada,Alberta,2022-04,13745113
Canada,British Columbia,2020-01,4
Canada,British Columbia,2020-02,128
Canada,British Columbia,2020-03,9118
Canada,British Columbia,2020-04,47020
Canada,British Columbia,2020-05,74469
Canada,British Columbia,2020-06,82436
Canada,British Columbia,2020-07,99349
Canada,British Columbia,2020-08,140512
Canada,British Columbia,2020-09,223013
Canada,British Columbia,2020-10,352954
Canada,British Columbia,2020-11,684592
Canada,British Columbia,2020-12,1342337
Canada,British Columbia,2021-01,1863238
Canada,British Columbia,2021-02,2062419
Canada,British Columbia,2021-03,2765907
Canada,British Columbia,2021-04,3459108
Canada,British Columbia,2021-05,4285814
Canada,British Columbia,2021-06,4391870
Canada,British Columbia,2021-07,4602222
Canada,British Columbia,2021-08,4862784
Canada,British Columbia,2021-09,5293313
Canada,British Columbia,2021-10,6101988
Canada,British Columbia,2021-11,6379978
Canada,British Columbia,2021-12,7073611
Canada,British Columbia,2022-01,9113178
Canada,British Columbia,2022-02,9503681
Canada,British Columbia,2022-03,10939263
Canada,British Columbia,2022-04,8966434
Canada,Diamond Princess,2020-01,0
Canada,Diamond Princess,2020-02,0
Canada,Diamond Princess,2020-03,0
Canada,Diamond Princess,2020-04,0
Canada,Diamond Princess,2020-05,31
Canada,Diamond Princess,2020-06,1
Canada,Diamond Princess,2020-07,0
Canada,Diamond Princess,2020-08,0
Canada,Diamond Princess,2020-09,0
Canada,Diamond Princess,2020-10,0
Canada,Diamond Princess,2020-11,0
Canada,Diamond Princess,2020-12,0
Canada,Diamond Princess,2021-01,0
Canada,Diamond Princess,2021-02,0
Canada,Diamond Princess,2021-03,0
Canada,Diamond Princess,2021-04,0
Canada,Diamond Princess,2021-05,0
Canada,Diamond Princess,2021-06,0
Canada,Diamond Princess,2021-07,0
Canada,Diamond Princess,2021-08,0
Canada,Diamond Princess,2021-09,0
Canada,Diamond Princess,2021-10,0
Canada,Diamond Princess,2021-11,0
Canada,Diamond Princess,2021-12,0
Canada,Diamond Princess,2022-01,0
Canada,Diamond Princess,2022-02,0
Canada,Diamond Princess,2022-03,0
Canada,Diamond Princess,2022-04,0
Canada,Grand Princess,2020-01,0
Canada,Grand Princess,2020-02,0
Canada,Grand Princess,2020-03,184
Canada,Grand Princess,2020-04,390
Canada,Grand Princess,2020-05,403
Canada,Grand Princess,2020-06,390
Canada,Grand Princess,2020-07,403
Canada,Grand Princess,2020-08,403
Canada,Grand Princess,2020-09,390
Canada,Grand Princess,2020-10,403
Canada,Grand Princess,2020-11,390
Canada,Grand Princess,2020-12,403
Canada,Grand Princess,2021-01,403
Canada,Grand Princess,2021-02,364
Canada,Grand Princess,2021-03,403
Canada,Grand Princess,2021-04,390
Canada,Grand Princess,2021-05,403
Canada,Grand Princess,2021-06,390
Canada,Grand Princess,2021-07,403
Canada,Grand Princess,2021-08,403
Canada,Grand Princess,2021-09,390
Canada,Grand Princess,2021-10,403
Canada,Grand Princess,2021-11,390
Canada,Grand Princess,2021-12,403
Canada,Grand Princess,2022-01,403
Canada,Grand Princess,2022-02,364
Canada,Grand Princess,2022-03,403
Canada,Grand Princess,2022-04,325
Canada,Manitoba,2020-01,0
Canada,Manitoba,2020-02,0
Canada,Manitoba,2020-03,600
Canada,Manitoba,2020-04,7106
Canada,Manitoba,2020-05,8950
Canada,Manitoba,2020-06,9225
Canada,Manitoba,2020-07,10903
Canada,Manitoba,2020-08,22952
Canada,Manitoba,2020-09,45842
Canada,Manitoba,2020-10,102160
Canada,Manitoba,2020-11,335032
Canada,Manitoba,2020-12,664825
Canada,Manitoba,2021-01,844725
Canada,Manitoba,2021-02,862767
Canada,Manitoba,2021-03,1021544
Canada,Manitoba,2021-04,1080279
Canada,Manitoba,2021-05,1396482
Canada,Manitoba,2021-06,1630373
Canada,Manitoba,2021-07,1767606
Canada,Manitoba,2021-08,1800463
Canada,Manitoba,2021-09,1785227
Canada,Manitoba,2021-10,1922598
Canada,Manitoba,2021-11,1972845
Canada,Manitoba,2021-12,2216942
Canada,Manitoba,2022-01,3274068
Canada,Manitoba,2022-02,3542704
Canada,Manitoba,2022-03,4131779
Canada,Manitoba,2022-04,3432517
Canada,New Brunswick,2020-01,0
Canada,New Brunswick,2020-02,0
Canada,New Brunswick,2020-03,473
Canada,New Brunswick,2020-04,3327
Canada,New Brunswick,2020-05,3756
Canada,New Brunswick,2020-06,4637
Canada,New Brunswick,2020-07,5198
Canada,New Brunswick,2020-08,5651
Canada,New Brunswick,2020-09,5845
Canada,New Brunswick,2020-10,8748
Canada,New Brunswick,2020-11,11851
Canada,New Brunswick,2020-12,17430
Canada,New Brunswick,2021-01,28637
Canada,New Brunswick,2021-02,38690
Canada,New Brunswick,2021-03,46292
Canada,New Brunswick,2021-04,52885
Canada,New Brunswick,2021-05,64089
Canada,New Brunswick,2021-06,68832
Canada,New Brunswick,2021-07,72662
Canada,New Brunswick,2021-08,79017
Canada,New Brunswick,2021-09,97882
Canada,New Brunswick,2021-10,172434
Canada,New Brunswick,2021-11,219851
Canada,New Brunswick,2021-12,322778
Canada,New Brunswick,2022-01,705141
Canada,New Brunswick,2022-02,928526
Canada,New Brunswick,2022-03,1316012
Canada,New Brunswick,2022-04,1389539
Canada,Newfoundland and Labrador,2020-01,0
Canada,Newfoundland and Labrador,2020-02,0
Canada,Newfoundland and Labrador,2020-03,863
Canada,Newfoundland and Labrador,2020-04,7179
Canada,Newfoundland and Labrador,2020-05,8058
Canada,Newfoundland and Labrador,2020-06,7830
Canada,Newfoundland and Labrador,2020-07,8148
Canada,Newfoundland and Labrador,2020-08,8297
Canada,Newfoundland and Labrador,2020-09,8133
Canada,Newfoundland and Labrador,2020-10,8810
Canada,Newfoundland and Labrador,2020-11,9242
Canada,Newfoundland and Labrador,2020-12,11371
Canada,Newfoundland and Labrador,2021-01,12276
Canada,Newfoundland and Labrador,2021-02,19360
Canada,Newfoundland and Labrador,2021-03,31323
Canada,Newfoundland and Labrador,2021-04,31197
Canada,Newfoundland and Labrador,2021-05,37059
Canada,Newfoundland and Labrador,2021-06,41102
Canada,Newfoundland and Labrador,2021-07,43985
Canada,Newfoundland and Labrador,2021-08,45034
Canada,Newfoundland and Labrador,2021-09,47277
Canada,Newfoundland and Labrador,2021-10,58590
Canada,Newfoundland and Labrador,2021-11,60763
Canada,Newfoundland and Labrador,2021-12,73759
Canada,Newfoundland and Labrador,2022-01,369299
Canada,Newfoundland and Labrador,2022-02,575938
Canada,Newfoundland and Labrador,2022-03,970168
Canada,Newfoundland and Labrador,2022-04,1029228
Canada,Northwest Territories,2020-01,0
Canada,Northwest Territories,2020-02,0
Canada,Northwest Territories,2020-03,6
Canada,Northwest Territories,2020-04,139
Canada,Northwest Territories,2020-05,155
Canada,Northwest Territories,2020-06,150
Canada,Northwest Territories,2020-07,155
Canada,Northwest Territories,2020-08,155
Canada,Northwest Territories,2020-09,150
Canada,Northwest Territories,2020-10,201
Canada,Northwest Territories,2020-11,392
Canada,Northwest Territories,2020-12,634
Canada,Northwest Territories,2021-01,848
Canada,Northwest Territories,2021-02,1188
Canada,Northwest Territories,2021-03,1457
Canada,Northwest Territories,2021-04,1520
Canada,Northwest Territories,2021-05,3497
Canada,Northwest Territories,2021-06,3840
Canada,Northwest Territories,2021-07,3968
Canada,Northwest Territories,2021-08,7358
Canada,Northwest Territories,2021-09,21404
Canada,Northwest Territories,2021-10,49494
Canada,Northwest Territories,2021-11,59651
Canada,Northwest Territories,2021-12,64670
Canada,Northwest Territories,2022-01,121338
Canada,Northwest Territories,2022-02,212567
Canada,Northwest Territories,2022-03,302821
Canada,Northwest Territories,2022-04,290958
Canada,Nova Scotia,2020-01,0
Canada,Nova Scotia,2020-02,0
Canada,Nova Scotia,2020-03,931
Canada,Nova Scotia,2020-04,17060
Canada,Nova Scotia,2020-05,31814
Canada,Nova Scotia,2020-06,31806
Canada,Nova Scotia,2020-07,33051
Canada,Nova Scotia,2020-08,33335
Canada,Nova Scotia,2020-09,32584
Canada,Nova Scotia,2020-10,33942
Canada,Nova Scotia,2020-11,35071
Canada,Nova Scotia,2020-12,44035
Canada,Nova Scotia,2021-01,47942
Canada,Nova Scotia,2021-02,44799
Canada,Nova Scotia,2021-03,51988
Canada,Nova Scotia,2021-04,56515
Canada,Nova Scotia,2021-05,138916
Canada,Nova Scotia,2021-06,172280
Canada,Nova Scotia,2021-07,181983
Canada,Nova Scotia,2021-08,184163
Canada,Nova Scotia,2021-09,188490
Canada,Nova Scotia,2021-10,219285
Canada,Nova Scotia,2021-11,236071
Canada,Nova Scotia,2021-12,345205
Canada,Nova Scotia,2022-01,902477
Canada,Nova Scotia,2022-02,1180012
Canada,Nova Scotia,2022-03,1540752
Canada,Nova Scotia,2022-04,1706823
Canada,Nunavut,2020-01,0
Canada,Nunavut,2020-02,0
Canada,Nunavut,2020-03,0
Canada,Nunavut,2020-04,0
Canada,Nunavut,2020-05,0
Canada,Nunavut,2020-06,0
Canada,Nunavut,2020-07,0
Canada,Nunavut,2020-08,0
Canada,Nunavut,2020-09,0
Canada,Nunavut,2020-10,0
Canada,Nunavut,2020-11,1852
Canada,Nunavut,2020-12,7565
Canada,Nunavut,2021-01,8390
Canada,Nunavut,2021-02,8969
Canada,Nunavut,2021-03,11926
Canada,Nunavut,2021-04,12626
Canada,Nunavut,2021-05,18687
Canada,Nunavut,2021-06,19625
Canada,Nunavut,2021-07,20367
Canada,Nunavut,2021-08,20367
Canada,Nunavut,2021-09,19796
Canada,Nunavut,2021-10,20782
Canada,Nunavut,2021-11,20220
Canada,Nunavut,2021-12,21329
Canada,Nunavut,2022-01,36681
Canada,Nunavut,2022-02,63248
Canada,Nunavut,2022-03,101074
Canada,Nunavut,2022-04,88039
Canada,Ontario,2020-01,26
Canada,Ontario,2020-02,202
Canada,Ontario,2020-03,26325
Canada,Ontario,2020-04,325924
Canada,Ontario,2020-05,726869
Canada,Ontario,2020-06,983666
Canada,Ontario,2020-07,1170978
Canada,Ontario,2020-08,1280004
Canada,Ontario,2020-09,1417792
Canada,Ontario,2020-10,2030590
Canada,Ontario,2020-11,2955099
Canada,Ontario,2020-12,4746538
Canada,Ontario,2021-01,7365032
Canada,Ontario,2021-02,8112092
Canada,Ontario,2021-03,10167565
Canada,Ontario,2021-04,12496308
Canada,Ontario,2021-05,15901717
Canada,Ontario,2021-06,16333114
Canada,Ontario,2021-07,17103675
Canada,Ontario,2021-08,17399564
Canada,Ontario,2021-09,17456318
Canada,Ontario,2021-10,18562948
Canada,Ontario,2021-11,18410040
Canada,Ontario,2021-12,20789025
Canada,Ontario,2022-01,29721162
Canada,Ontario,2022-02,30454564
Canada,Ontario,2022-03,35424667
Canada,Ontario,2022-04,30179492
Canada,Prince Edward Island,2020-01,0
Canada,Prince Edward Island,2020-02,0
Canada,Prince Edward Island,2020-03,99
Canada,Prince Edward Island,2020-04,747
Canada,Prince Edward Island,2020-05,837
Canada,Prince Edward Island,2020-06,810
Canada,Prince Edward Island,2020-07,1055
Canada,Prince Edward Island,2020-08,1258
Canada,Prince Edward Island,2020-09,1630
Canada,Prince Edward Island,2020-10,1941
Canada,Prince Edward Island,2020-11,2030
Canada,Prince Edward Island,2020-12,2681
Canada,Prince Edward Island,2021-01,3241
Canada,Prince Edward Island,2021-02,3207
Canada,Prince Edward Island,2021-03,4491
Canada,Prince Edward Island,2021-04,5008
Canada,Prince Edward Island,2021-05,5909
Canada,Prince Edward Island,2021-06,6168
Canada,Prince Edward Island,2021-07,6442
Canada,Prince Edward Island,2021-08,6752
Canada,Prince Edward Island,2021-09,7797
Canada,Prince Edward Island,2021-10,9562
Canada,Prince Edward Island,2021-11,10037
Canada,Prince Edward Island,2021-12,16004
Canada,Prince Edward Island,2022-01,131949
Canada,Prince Edward Island,2022-02,297963
Canada,Prince Edward Island,2022-03,635666
Canada,Prince Edward Island,2022-04,741544
Canada,Quebec,2020-01,0
Canada,Quebec,2020-02,7
Canada,Quebec,2020-03,27346
Canada,Quebec,2020-04,521776
Canada,Quebec,2020-05,1310342
Canada,Quebec,2020-06,1614848
Canada,Quebec,2020-07,1772904
Canada,Quebec,2020-08,1889695
Canada,Quebec,2020-09,2016613
Canada,Quebec,2020-10,2856518
Canada,Quebec,2020-11,3760807
Canada,Quebec,2020-12,5354891
Canada,Quebec,2021-01,7427825
Canada,Quebec,2021-02,7738297
Canada,Quebec,2021-03,9267249
Canada,Quebec,2021-04,9991642
Canada,Quebec,2021-05,11250309
Canada,Quebec,2021-06,11206820
Canada,Quebec,2021-07,11663299
Canada,Quebec,2021-08,11857783
Canada,Quebec,2021-09,12003179
Canada,Quebec,2021-10,12977609
Canada,Quebec,2021-11,13078713
Canada,Quebec,2021-12,15266836
Canada,Quebec,2022-01,23951756
Canada,Quebec,2022-02,25161202
Canada,Quebec,2022-03,29187321
Canada,Quebec,2022-04,25094458
Canada,Saskatchewan,2020-01,0
Canada,Saskatchewan,2020-02,0
Canada,Saskatchewan,2020-03,1192
Canada,Saskatchewan,2020-04,9017
Canada,Saskatchewan,2020-05,17798
Canada,Saskatchewan,2020-06,21023
Canada,Saskatchewan,2020-07,29783
Canada,Saskatchewan,2020-08,47070
Canada,Saskatchewan,2020-09,52556
Canada,Saskatchewan,2020-10,73193
Canada,Saskatchewan,2020-11,160187
Canada,Saskatchewan,2020-12,385123
Canada,Saskatchewan,2021-01,614780
Canada,Saskatchewan,2021-02,742292
Canada,Saskatchewan,2021-03,961175
Canada,Saskatchewan,2021-04,1123884
Canada,Saskatchewan,2021-05,1373577
Canada,Saskatchewan,2021-06,1440713
Canada,Saskatchewan,2021-07,1531027
Canada,Saskatchewan,2021-08,1601860
Canada,Saskatchewan,2021-09,1818371
Canada,Saskatchewan,2021-10,2279732
Canada,Saskatchewan,2021-11,2388013
Canada,Saskatchewan,2021-12,2550700
Canada,Saskatchewan,2022-01,3119961
Canada,Saskatchewan,2022-02,3487386
Canada,Saskatchewan,2022-03,4013713
Canada,Saskatchewan,2022-04,3339316
Canada,Yukon,2020-01,0
Canada,Yukon,2020-02,0
Canada,Yukon,2020-03,23
Canada,Yukon,2020-04,259
Canada,Yukon,2020-05,341
Canada,Yukon,2020-06,330
Canada,Yukon,2020-07,379
Canada,Yukon,2020-08,459
Canada,Yukon,2020-09,450
Canada,Yukon,2020-10,530
Canada,Yukon,2020-11,878
Canada,Yukon,2020-12,1785
Canada,Yukon,2021-01,2125
Canada,Yukon,2021-02,1991
Canada,Yukon,2021-03,2240
Canada,Yukon,2021-04,2300
Canada,Yukon,2021-05,2582
Canada,Yukon,2021-06,4790
Canada,Yukon,2021-07,15426
Canada,Yukon,2021-08,20237
Canada,Yukon,2021-09,21520
Canada,Yukon,2021-10,26052
Canada,Yukon,2021-11,37558
Canada,Yukon,2021-12,50057
Canada,Yukon,2022-01,79104
Canada,Yukon,2022-02,92787
Canada,Yukon,2022-03,111984
Canada,Yukon,2022-04,99599
US,Alabama,2020-01,0
US,Alabama,2020-02,0
US,Alabama,2020-03,6735
US,Alabama,2020-04,127476
US,Alabama,2020-05,377501
US,Alabama,2020-06,812738
US,Alabama,2020-07,1938938
US,Alabama,2020-08,3358162
US,Alabama,2020-09,4214797
US,Alabama,2020-10,5351525
US,Alabama,2020-11,6594967
US,Alabama,2020-12,9513716
US,Alabama,2021-01,12918813
US,Alabama,2021-02,13436108
US,Alabama,2021-03,15701638
US,Alabama,2021-04,15647349
US,Alabama,2021-05,16644019
US,Alabama,2021-06,16436393
US,Alabama,2021-07,17403982
US,Alabama,2021-08,19824481
US,Alabama,2021-09,22697489
US,Alabama,2021-10,25232343
US,Alabama,2021-11,25199142
US,Alabama,2021-12,26636596
US,Alabama,2022-01,32662269
US,Alabama,2022-02,35299657
US,Alabama,2022-03,39968914
US,Alabama,2022-04,32436562
US,Alaska,2020-01,0
US,Alaska,2020-02,0
US,Alaska,2020-03,808
US,Alaska,2020-04,8403
US,Alaska,2020-05,12588
US,Alaska,2020-06,23332
US,Alaska,2020-07,68426
US,Alaska,2020-08,156847
US,Alaska,2020-09,222884
US,Alaska,2020-10,370876
US,Alaska,2020-11,725439
US,Alaska,2020-12,1286130
US,Alaska,2021-01,1592043
US,Alaska,2021-02,1584216
US,Alaska,2021-03,1883029
US,Alaska,2021-04,1971363
US,Alaska,2021-05,2152331
US,Alaska,2021-06,2123004
US,Alaska,2021-07,2255515
US,Alaska,2021-08,2523878
US,Alaska,2021-09,2992768
US,Alaska,2021-10,3952314
US,Alaska,2021-11,4379464
US,Alaska,2021-12,4780751
US,Alaska,2022-01,5663361
US,Alaska,2022-02,6494968
US,Alaska,2022-03,7558325
US,Alaska,2022-04,6238302
US,American Samoa,2020-01,0
US,American Samoa,2020-02,0
US,American Samoa,2020-03,0
US,American Samoa,2020-04,0
US,American Samoa,2020-05,0
US,American Samoa,2020-06,0
US,American Samoa,2020-07,0
US,American Samoa,2020-08,0
US,American Samoa,2020-09,0
US,American Samoa,2020-10,0
US,American Samoa,2020-11,0
US,American Samoa,2020-12,0
US,American Samoa,2021-01,0
US,American Samoa,2021-02,0
US,American Samoa,2021-03,0
US,American Samoa,2021-04,0
US,American Samoa,2021-05,0
US,American Samoa,2021-06,0
US,American Samoa,2021-07,0
US,American Samoa,2021-08,0
US,American Samoa,2021-09,12
US,American Samoa,2021-10,96
US,American Samoa,2021-11,143
US,American Samoa,2021-12,322
US,American Samoa,2022-01,516
US,American Samoa,2022-02,1575
US,American Samoa,2022-03,36554
US,American Samoa,2022-04,129286
US,Arizona,2020-01,6
US,Arizona,2020-02,29
US,Arizona,2020-03,6783
US,Arizona,2020-04,128753
US,Arizona,2020-05,417640
US,Arizona,2020-06,1294975
US,Arizona,2020-07,4103132
US,Arizona,2020-08,5950207
US,Arizona,2020-09,6319715
US,Arizona,2020-10,7141160
US,Arizona,2020-11,8435286
US,Arizona,2020-12,13273679
US,Arizona,2021-01,20393424
US,Arizona,2021-02,22250257
US,Arizona,2021-03,25797716
US,Arizona,2021-04,25567822
US,Arizona,2021-05,27054387
US,Arizona,2021-06,26637712
US,Arizona,2021-07,28137932
US,Arizona,2021-08,30036830
US,Arizona,2021-09,31702901
US,Arizona,2021-10,35077978
US,Arizona,2021-11,36605385
US,Arizona,2021-12,41114969
US,Arizona,2022-01,49955467
US,Arizona,2022-02,54448587
US,Arizona,2022-03,61664125
US,Arizona,2022-04,50359823
US,Arkansas,2020-01,0
US,Arkansas,2020-02,0
US,Arkansas,2020-03,3721
US,Arkansas,2020-04,52677
US,Arkansas,2020-05,150164
US,Arkansas,2020-06,402154
US,Arkansas,2020-07,972505
US,Arkansas,2020-08,1633912
US,Arkansas,2020-09,2167050
US,Arkansas,2020-10,3025302
US,Arkansas,2020-11,4031431
US,Arkansas,2020-12,5960217
US,Arkansas,2021-01,8247175
US,Arkansas,2021-02,8718837
US,Arkansas,2021-03,10140927
US,Arkansas,2021-04,9990989
US,Arkansas,2021-05,10502727
US,Arkansas,2021-06,10342559
US,Arkansas,2021-07,11285956
US,Arkansas,2021-08,13065966
US,Arkansas,2021-09,14359207
US,Arkansas,2021-10,15679023
US,Arkansas,2021-11,15627896
US,Arkansas,2021-12,16826185
US,Arkansas,2022-01,20963225
US,Arkansas,2022-02,22573689
US,Arkansas,2022-03,25662056
US,Arkansas,2022-04,20849251
US,California,2020-01,13
US,California,2020-02,244
US,California,2020-03,53289
US,California,2020-04,854565
US,California,2020-05,2492704
US,California,2020-06,4972506
US,California,2020-07,11609493
US,California,2020-08,19293627
US,California,2020-09,23161562
US,California,2020-10,27240941
US,California,2020-11,32213509
US,California,2020-12,55733127
US,California,2021-01,92589439
US,California,2021-02,98974133
US,California,2021-03,114251086
US,California,2021-04,113168181
US,California,2021-05,118806405
US,California,2021-06,116127508
US,California,2021-07,122152535
US,California,2021-08,131777543
US,California,2021-09,138676447
US,California,2021-10,149878919
US,California,2021-11,150310978
US,California,2021-12,161894570
US,California,2022-01,218566805
US,California,2022-02,246636373
US,California,2022-03,280718771
US,California,2022-04,228771786
US,Colorado,2020-01,0
US,Colorado,2020-02,0
US,Colorado,2020-03,18579
US,Colorado,2020-04,264414
US,Colorado,2020-05,662304
US,Colorado,2020-06,886864
US,Colorado,2020-07,1213687
US,Colorado,2020-08,1636988
US,Colorado,2020-09,1896041
US,Colorado,2020-10,2637741
US,Colorado,2020-11,5023534
US,Colorado,2020-12,9086576
US,Colorado,2021-01,11481062
US,Colorado,2021-02,11573317
US,Colorado,2021-03,13810806
US,Colorado,2021-04,14590987
US,Colorado,2021-05,16433069
US,Colorado,2021-06,16545319
US,Colorado,2021-07,17535074
US,Colorado,2021-08,18406553
US,Colorado,2021-09,19330171
US,Colorado,2021-10,21885481
US,Colorado,2021-11,23708582
US,Colorado,2021-12,26901271
US,Colorado,2022-01,34294310
US,Colorado,2022-02,36153210
US,Colorado,2022-03,41212688
US,Colorado,2022-04,34045687
US,Connecticut,2020-01,0
US,Connecticut,2020-02,0
US,Connecticut,2020-03,14573
US,Connecticut,2020-04,466219
US,Connecticut,2020-05,1124193
US,Connecticut,2020-06,1348657
US,Connecticut,2020-07,1483675
US,Connecticut,2020-08,1585462
US,Connecticut,2020-09,1651324
US,Connecticut,2020-10,1961272
US,Connecticut,2020-11,2784124
US,Connecticut,2020-12,4793649
US,Connecticut,2021-01,6900960
US,Connecticut,2021-02,7518722
US,Connecticut,2021-03,9132642
US,Connecticut,2021-04,9809247
US,Connecticut,2021-05,10682683
US,Connecticut,2021-06,10455337
US,Connecticut,2021-07,10883232
US,Connecticut,2021-08,11268515
US,Connecticut,2021-09,11466034
US,Connecticut,2021-10,12310808
US,Connecticut,2021-11,12324716
US,Connecticut,2021-12,14150773
US,Connecticut,2022-01,19514368
US,Connecticut,2022-02,20004481
US,Connecticut,2022-03,22647572
US,Connecticut,2022-04,18609339
US,Delaware,2020-01,0
US,Delaware,2020-02,0
US,Delaware,2020-03,1844
US,Delaware,2020-04,67466
US,Delaware,2020-05,229083
US,Delaware,2020-06,312601
US,Delaware,2020-07,410198
US,Delaware,2020-08,503506
US,Delaware,2020-09,572135
US,Delaware,2020-10,706558
US,Delaware,2020-11,883967
US,Delaware,2020-12,1466659
US,Delaware,2021-01,2135494
US,Delaware,2021-02,2317309
US,Delaware,2021-03,2815506
US,Delaware,2021-04,3000969
US,Delaware,2021-05,3318997
US,Delaware,2021-06,3281533
US,Delaware,2021-07,3421377
US,Delaware,2021-08,3567960
US,Delaware,2021-09,3797367
US,Delaware,2021-10,4321484
US,Delaware,2021-11,4455662
US,Delaware,2021-12,5091823
US,Delaware,2022-01,6874293
US,Delaware,2022-02,7095898
US,Delaware,2022-03,8006138
US,Delaware,2022-04,6503842
US,Diamond Princess,2020-01,0
US,Diamond Princess,2020-02,0
US,Diamond Princess,2020-03,729
US,Diamond Princess,2020-04,1470
US,Diamond Princess,2020-05,1519
US,Diamond Princess,2020-06,1470
US,Diamond Princess,2020-07,1519
US,Diamond Princess,2020-08,1519
US,Diamond Princess,2020-09,1470
US,Diamond Princess,2020-10,1519
US,Diamond Princess,2020-11,1470
US,Diamond Princess,2020-12,1519
US,Diamond Princess,2021-01,1519
US,Diamond Princess,2021-02,1372
US,Diamond Princess,2021-03,1519
US,Diamond Princess,2021-04,1470
US,Diamond Princess,2021-05,1519
US,Diamond Princess,2021-06,1470
US,Diamond Princess,2021-07,1519
US,Diamond Princess,2021-08,1519
US,Diamond Princess,2021-09,1470
US,Diamond Princess,2021-10,1519
US,Diamond Princess,2021-11,1470
US,Diamond Princess,2021-12,1519
US,Diamond Princess,2022-01,1519
US,Diamond Princess,2022-02,1372
US,Diamond Princess,2022-03,1519
US,Diamond Princess,2022-04,1225
US,District of Columbia,2020-01,0
US,District of Columbia,2020-02,0
US,District of Columbia,2020-03,2878
US,District of Columbia,2020-04,70954
US,District of Columbia,2020-05,215106
US,District of Columbia,2020-06,291828
US,District of Columbia,2020-07,345436
US,District of Columbia,2020-08,407811
US,District of Columbia,2020-09,441242
US,District of Columbia,2020-10,503613
US,District of Columbia,2020-11,575533
US,District of Columbia,2020-12,790037
US,District of Columbia,2021-01,1030286
US,District of Columbia,2021-02,1088107
US,District of Columbia,2021-03,1321799
US,District of Columbia,2021-04,1388929
US,District of Columbia,2021-05,1502192
US,District of Columbia,2021-06,1475944
US,District of Columbia,2021-07,1541828
US,District of Columbia,2021-08,1633332
US,District of Columbia,2021-09,1749115
US,District of Columbia,2021-10,1952231
US,District of Columbia,2021-11,1969488
US,District of Columbia,2021-12,2310903
US,District of Columbia,2022-01,3694684
US,District of Columbia,2022-02,3724870
US,District of Columbia,2022-03,4202436
US,District of Columbia,2022-04,3472596
US,Florida,2020-01,0
US,Florida,2020-02,0
US,Florida,2020-03,33497
US,Florida,2020-04,668452
US,Florida,2020-05,1396266
US,Florida,2020-06,2637866
US,Florida,2020-07,9746886
US,Florida,2020-08,17470128
US,Florida,2020-09,20108587
US,Florida,2020-10,23278925
US,Florida,2020-11,26828872
US,Florida,2020-12,35950919
US,Florida,2021-01,47886722
US,Florida,2021-02,51110285
US,Florida,2021-03,61554303
US,Florida,2021-04,64514411
US,Florida,2021-05,70924763
US,Florida,2021-06,70395623
US,Florida,2021-07,75953211
US,Florida,2021-08,91121919
US,Florida,2021-09,104089489
US,Florida,2021-10,113329514
US,Florida,2021-11,111320630
US,Florida,2021-12,118409818
US,Florida,2022-01,154472528
US,Florida,2022-02,160996769
US,Florida,2022-03,181889429
US,Florida,2022-04,147654848
US,Georgia,2020-01,0
US,Georgia,2020-02,0
US,Georgia,2020-03,21050
US,Georgia,2020-04,465883
US,Georgia,2020-05,1157327
US,Georgia,2020-06,1822772
US,Georgia,2020-07,4114740
US,Georgia,2020-08,7260641
US,Georgia,2020-09,8926776
US,Georgia,2020-10,10489420
US,Georgia,2020-11,12809840
US,Georgia,2020-12,17500247
US,Georgia,2021-01,24831364
US,Georgia,2021-02,26992282
US,Georgia,2021-03,32140488
US,Georgia,2021-04,32411603
US,Georgia,2021-05,34551307
US,Georgia,2021-06,33882795
US,Georgia,2021-07,35636790
US,Georgia,2021-08,39633591
US,Georgia,2021-09,45185390
US,Georgia,2021-10,50000887
US,Georgia,2021-11,49501949
US,Georgia,2021-12,52916815
US,Georgia,2022-01,65646927
US,Georgia,2022-02,68180566
US,Georgia,2022-03,76869599
US,Georgia,2022-04,62626187
US,Grand Princess,2020-01,0
US,Grand Princess,2020-02,0
US,Grand Princess,2020-03,712
US,Grand Princess,2020-04,3090
US,Grand Princess,2020-05,3193
US,Grand Princess,2020-06,3090
US,Grand Princess,2020-07,3193
US,Grand Princess,2020-08,3193
US,Grand Princess,2020-09,3090
US,Grand Princess,2020-10,3193
US,Grand Princess,2020-11,3090
US,Grand Princess,2020-12,3193
US,Grand Princess,2021-01,3193
US,Grand Princess,2021-02,2884
US,Grand Princess,2021-03,3193
US,Grand Princess,2021-04,3090
US,Grand Princess,2021-05,3193
US,Grand Princess,2021-06,3090
US,Grand Princess,2021-07,3193
US,Grand Princess,2021-08,3193
US,Grand Princess,2021-09,3090
US,Grand Princess,2021-10,3193
US,Grand Princess,2021-11,3090
US,Grand Princess,2021-12,3193
US,Grand Princess,2022-01,3193
US,Grand Princess,2022-02,2884
US,Grand Princess,2022-03,3193
US,Grand Princess,2022-04,2575
US,Guam,2020-01,0
US,Guam,2020-02,0
US,Guam,2020-03,511
US,Guam,2020-04,3809
US,Guam,2020-05,4858
US,Guam,2020-06,6064
US,Guam,2020-07,9821
US,Guam,2020-08,21263
US,Guam,2020-09,59481
US,Guam,2020-10,110463
US,Guam,2020-11,178845
US,Guam,2020-12,221174
US,Guam,2021-01,231484
US,Guam,2021-02,215199
US,Guam,2021-03,240949
US,Guam,2021-04,236100
US,Guam,2021-05,250617
US,Guam,2021-06,247822
US,Guam,2021-07,262278
US,Guam,2021-08,285384
US,Guam,2021-09,388119
US,Guam,2021-10,520521
US,Guam,2021-11,566737
US,Guam,2021-12,600359
US,Guam,2022-01,760410
US,Guam,2022-02,1121070
US,Guam,2022-03,1438000
US,Guam,2022-04,1191408
US,Hawaii,2020-01,0
US,Hawaii,2020-02,0
US,Hawaii,2020-03,1320
US,Hawaii,2020-04,14957
US,Hawaii,2020-05,19741
US,Hawaii,2020-06,22662
US,Hawaii,2020-07,41972
US,Hawaii,2020-08,157592
US,Hawaii,2020-09,328183
US,Hawaii,2020-10,434994
US,Hawaii,2020-11,504871
US,Hawaii,2020-12,623187
US,Hawaii,2021-01,765480
US,Hawaii,2021-02,772397
US,Hawaii,2021-03,912703
US,Hawaii,2021-04,972930
US,Hawaii,2021-05,1092491
US,Hawaii,2021-06,1112325
US,Hawaii,2021-07,1219212
US,Hawaii,2021-08,1612776
US,Hawaii,2021-09,2189458
US,Hawaii,2021-10,2546612
US,Hawaii,2021-11,2581023
US,Hawaii,2021-12,2910476
US,Hawaii,2022-01,5281135
US,Hawaii,2022-02,6461227
US,Hawaii,2022-03,7389684
US,Hawaii,2022-04,6070997
US,Idaho,2020-01,0
US,Idaho,2020-02,0
US,Idaho,2020-03,2132
US,Idaho,2020-04,44534
US,Idaho,2020-05,74576
US,Idaho,2020-06,115391
US,Idaho,2020-07,408987
US,Idaho,2020-08,843404
US,Idaho,2020-09,1095109
US,Idaho,2020-10,1624120
US,Idaho,2020-11,2496748
US,Idaho,2020-12,3846737
US,Idaho,2021-01,4763931
US,Idaho,2021-02,4691503
US,Idaho,2021-03,5456929
US,Idaho,2021-04,5531237
US,Idaho,2021-05,5892676
US,Idaho,2021-06,5813278
US,Idaho,2021-07,6109924
US,Idaho,2021-08,6510782
US,Idaho,2021-09,7167422
US,Idaho,2021-10,8559534
US,Idaho,2021-11,9019786
US,Idaho,2021-12,9710404
US,Idaho,2022-01,10703314
US,Idaho,2022-02,11364708
US,Idaho,2022-03,13607008
US,Idaho,2022-04,11122564
US,Illinois,2020-01,9
US,Illinois,2020-02,58
US,Illinois,2020-03,33001
US,Illinois,2020-04,802339
US,Illinois,2020-05,2817238
US,Illinois,2020-06,3992626
US,Illinois,2020-07,4964947
US,Illinois,2020-08,6454930
US,Illinois,2020-09,8037477
US,Illinois,2020-10,10690588
US,Illinois,2020-11,17311582
US,Illinois,2020-12,26767345
US,Illinois,2021-01,32760433
US,Illinois,2021-02,32502745
US,Illinois,2021-03,37634271
US,Illinois,2021-04,38776019
US,Illinois,2021-05,42286389
US,Illinois,2021-06,41633595
US,Illinois,2021-07,43462380
US,Illinois,2021-08,45504491
US,Illinois,2021-09,47405296
US,Illinois,2021-10,51628096
US,Illinois,2021-11,52453318
US,Illinois,2021-12,60408772
US,Illinois,2022-01,80469683
US,Illinois,2022-02,83819983
US,Illinois,2022-03,94557527
US,Illinois,2022-04,77272016
US,Indiana,2020-01,0
US,Indiana,2020-02,0
US,Indiana,2020-03,10086
US,Indiana,2020-04,289747
US,Indiana,2020-05,838266
US,Indiana,2020-06,1210849
US,Indiana,2020-07,1703054
US,Indiana,2020-08,2488354
US,Indiana,2020-09,3224126
US,Indiana,2020-10,4512410
US,Indiana,2020-11,7676680
US,Indiana,2020-12,13534082
US,Indiana,2021-01,17994078
US,Indiana,2021-02,18130589
US,Indiana,2021-03,20894718
US,Indiana,2021-04,21118723
US,Indiana,2021-05,22765707
US,Indiana,2021-06,22490878
US,Indiana,2021-07,23586671
US,Indiana,2021-08,25027364
US,Indiana,2021-09,27541540
US,Indiana,2021-10,30949675
US,Indiana,2021-11,31775131
US,Indiana,2021-12,36369772
US,Indiana,2022-01,44722684
US,Indiana,2022-02,46605945
US,Indiana,2022-03,52311271
US,Indiana,2022-04,42345607
US,Iowa,2020-01,0
US,Iowa,2020-02,0
US,Iowa,2020-03,2766
US,Iowa,2020-04,83617
US,Iowa,2020-05,439993
US,Iowa,2020-06,729137
US,Iowa,2020-07,1151285
US,Iowa,2020-08,1650679
US,Iowa,2020-09,2312022
US,Iowa,2020-10,3288522
US,Iowa,2020-11,5540180
US,Iowa,2020-12,8062632
US,Iowa,2021-01,9401451
US,Iowa,2021-02,9217101
US,Iowa,2021-03,10664587
US,Iowa,2021-04,10763784
US,Iowa,2021-05,11439930
US,Iowa,2021-06,11182194
US,Iowa,2021-07,11646630
US,Iowa,2021-08,12112022
US,Iowa,2021-09,12854738
US,Iowa,2021-10,14551926
US,Iowa,2021-11,15178589
US,Iowa,2021-12,17120655
US,Iowa,2022-01,20012662
US,Iowa,2022-02,20685829
US,Iowa,2022-03,23464340
US,Iowa,2022-04,19007257
US,Kansas,2020-01,0
US,Kansas,2020-02,0
US,Kansas,2020-03,2384
US,Kansas,2020-04,56193
US,Kansas,2020-05,238563
US,Kansas,2020-06,349925
US,Kansas,2020-07,648405
US,Kansas,2020-08,1067824
US,Kansas,2020-09,1545724
US,Kansas,2020-10,2265517
US,Kansas,2020-11,3692504
US,Kansas,2020-12,6044140
US,Kansas,2021-01,7938965
US,Kansas,2021-02,8091318
US,Kansas,2021-03,9315474
US,Kansas,2021-04,9211785
US,Kansas,2021-05,9712554
US,Kansas,2021-06,9516769
US,Kansas,2021-07,10060765
US,Kansas,2021-08,10880899
US,Kansas,2021-09,11791359
US,Kansas,2021-10,13141453
US,Kansas,2021-11,13537528
US,Kansas,2021-12,15337147
US,Kansas,2022-01,19417504
US,Kansas,2022-02,21135681
US,Kansas,2022-03,23853555
US,Kansas,2022-04,19303682
US,Kentucky,2020-01,0
US,Kentucky,2020-02,0
US,Kentucky,2020-03,3412
US,Kentucky,2020-04,73553
US,Kentucky,2020-05,230298
US,Kentucky,2020-06,384473
US,Kentucky,2020-07,678552
US,Kentucky,2020-08,1218174
US,Kentucky,2020-09,1760913
US,Kentucky,2020-10,2676418
US,Kentucky,2020-11,4224498
US,Kentucky,2020-12,7088258
US,Kentucky,2021-01,9924537
US,Kentucky,2021-02,10853882
US,Kentucky,2021-03,12928476
US,Kentucky,2021-04,13072661
US,Kentucky,2021-05,14021186
US,Kentucky,2021-06,13875337
US,Kentucky,2021-07,14608150
US,Kentucky,2021-08,16254287
US,Kentucky,2021-09,19206045
US,Kentucky,2021-10,22410099
US,Kentucky,2021-11,22951798
US,Kentucky,2021-12,25498550
US,Kentucky,2022-01,30973077
US,Kentucky,2022-02,34613130
US,Kentucky,2022-03,40179026
US,Kentucky,2022-04,33011062
US,Louisiana,2020-01,0
US,Louisiana,2020-02,0
US,Louisiana,2020-03,28834
US,Louisiana,2020-04,625159
US,Louisiana,2020-05,1058228
US,Louisiana,2020-06,1432634
US,Louisiana,2020-07,2693146
US,Louisiana,2020-08,4225383
US,Louisiana,2020-09,4777864
US,Louisiana,2020-10,5504935
US,Louisiana,2020-11,6222999
US,Louisiana,2020-12,8533266
US,Louisiana,2021-01,11214867
US,Louisiana,2021-02,11714047
US,Louisiana,2021-03,13580984
US,Louisiana,2021-04,13546142
US,Louisiana,2021-05,14424607
US,Louisiana,2021-06,14293906
US,Louisiana,2021-07,15543705
US,Louisiana,2021-08,19308469
US,Louisiana,2021-09,21566484
US,Louisiana,2021-10,23291438
US,Louisiana,2021-11,22963406
US,Louisiana,2021-12,24343699
US,Louisiana,2022-01,30732569
US,Louisiana,2022-02,32168752
US,Louisiana,2022-03,36160826
US,Louisiana,2022-04,29251850
US,Maine,2020-01,0
US,Maine,2020-02,0
US,Maine,2020-03,2086
US,Maine,2020-04,22293
US,Maine,2020-05,52159
US,Maine,2020-06,84059
US,Maine,2020-07,112032
US,Maine,2020-08,129951
US,Maine,2020-09,148340
US,Maine,2020-10,183325
US,Maine,2020-11,274047
US,Maine,2020-12,542939
US,Maine,2021-01,1009208
US,Maine,2021-02,1187867
US,Maine,2021-03,1472340
US,Maine,2021-04,1682201
US,Maine,2021-05,2025473
US,Maine,2021-06,2057596
US,Maine,2021-07,2155577
US,Maine,2021-08,2257805
US,Maine,2021-09,2474529
US,Maine,2021-10,3022039
US,Maine,2021-11,3373596
US,Maine,2021-12,4137044
US,Maine,2022-01,4973626
US,Maine,2022-02,5593312
US,Maine,2022-03,7212520
US,Maine,2022-04,5972304
US,Maryland,2020-01,0
US,Maryland,2020-02,0
US,Maryland,2020-03,8723
US,Maryland,2020-04,326346
US,Maryland,2020-05,1183128
US,Maryland,2020-06,1848484
US,Maryland,2020-07,2374558
US,Maryland,2020-08,3086997
US,Maryland,2020-09,3518380
US,Maryland,2020-10,4172581
US,Maryland,2020-11,5073482
US,Maryland,2020-12,7449058
US,Maryland,2021-01,9934465
US,Maryland,2021-02,10364019
US,Maryland,2021-03,12265756
US,Maryland,2021-04,12945885
US,Maryland,2021-05,14113843
US,Maryland,2021-06,13839592
US,Maryland,2021-07,14395070
US,Maryland,2021-08,14928232
US,Maryland,2021-09,15449608
US,Maryland,2021-10,17009803
US,Maryland,2021-11,17192901
US,Maryland,2021-12,19406305
US,Maryland,2022-01,27667921
US,Maryland,2022-02,27804948
US,Maryland,2022-03,31230250
US,Maryland,2022-04,25458730
US,Massachusetts,2020-01,3
US,Massachusetts,2020-02,53
US,Massachusetts,2020-03,66502
US,Massachusetts,2020-04,1126995
US,Massachusetts,2020-05,2661548
US,Massachusetts,2020-06,3047913
US,Massachusetts,2020-07,3342964
US,Massachusetts,2020-08,3608342
US,Massachusetts,2020-09,3778922
US,Massachusetts,2020-10,4449113
US,Massachusetts,2020-11,5713002
US,Massachusetts,2020-12,9388617
US,Massachusetts,2021-01,14211219
US,Massachusetts,2021-02,15581812
US,Massachusetts,2021-03,18804214
US,Massachusetts,2021-04,19984577
US,Massachusetts,2021-05,21720180
US,Massachusetts,2021-06,21266782
US,Massachusetts,2021-07,22108435
US,Massachusetts,2021-08,22889238
US,Massachusetts,2021-09,23591151
US,Massachusetts,2021-10,25831963
US,Massachusetts,2021-11,26481620
US,Massachusetts,2021-12,31160689
US,Massachusetts,2022-01,44009138
US,Massachusetts,2022-02,46212034
US,Massachusetts,2022-03,52217745
US,Massachusetts,2022-04,42979782
US,Michigan,2020-01,0
US,Michigan,2020-02,0
US,Michigan,2020-03,41117
US,Michigan,2020-04,852025
US,Michigan,2020-05,1676993
US,Michigan,2020-06,1998577
US,Michigan,2020-07,2479119
US,Michigan,2020-08,3160703
US,Michigan,2020-09,3762272
US,Michigan,2020-10,5003610
US,Michigan,2020-11,8622873
US,Michigan,2020-12,14725689
US,Michigan,2021-01,17902298
US,Michigan,2021-02,17638914
US,Michigan,2021-03,21206155
US,Michigan,2021-04,25604460
US,Michigan,2021-05,30177928
US,Michigan,2021-06,29915912
US,Michigan,2021-07,31119466
US,Michigan,2021-08,32033282
US,Michigan,2021-09,33112910
US,Michigan,2021-10,37760068
US,Michigan,2021-11,41215064
US,Michigan,2021-12,49614545
US,Michigan,2022-01,62015091
US,Michigan,2022-02,65118284
US,Michigan,2022-03,73631295
US,Michigan,2022-04,59976099
US,Minnesota,2020-01,0
US,Minnesota,2020-02,0
US,Minnesota,2020-03,4439
US,Minnesota,2020-04,65127
US,Minnesota,2020-05,469276
US,Minnesota,2020-06,924504
US,Minnesota,2020-07,1387465
US,Minnesota,2020-08,2018898
US,Minnesota,2020-09,2607218
US,Minnesota,2020-10,3739159
US,Minnesota,2020-11,6849584
US,Minnesota,2020-12,11792353
US,Minnesota,2021-01,13723942
US,Minnesota,2021-02,13261675
US,Minnesota,2021-03,15509201
US,Minnesota,2021-04,16494761
US,Minnesota,2021-05,18369072
US,Minnesota,2021-06,18114709
US,Minnesota,2021-07,18846690
US,Minnesota,2021-08,19491238
US,Minnesota,2021-09,20332101
US,Minnesota,2021-10,23357624
US,Minnesota,2021-11,25595463
US,Minnesota,2021-12,30103254
US,Minnesota,2022-01,35908989
US,Minnesota,2022-02,38881238
US,Minnesota,2022-03,44116611
US,Minnesota,2022-04,35910622
US,Mississippi,2020-01,0
US,Mississippi,2020-02,0
US,Mississippi,2020-03,5779
US,Mississippi,2020-04,109721
US,Mississippi,2020-05,344106
US,Mississippi,2020-06,613191
US,Mississippi,2020-07,1278358
US,Mississippi,2020-08,2235453
US,Mississippi,2020-09,2734173
US,Mississippi,2020-10,3374433
US,Mississippi,2020-11,4059206
US,Mississippi,2020-12,5744183
US,Mississippi,2021-01,7705630
US,Mississippi,2021-02,8019031
US,Mississippi,2021-03,9323406
US,Mississippi,2021-04,9256975
US,Mississippi,2021-05,9763821
US,Mississippi,2021-06,9586090
US,Mississippi,2021-07,10199462
US,Mississippi,2021-08,12077301
US,Mississippi,2021-09,14024295
US,Mississippi,2021-10,15426521
US,Mississippi,2021-11,15283585
US,Mississippi,2021-12,16223948
US,Mississippi,2022-01,19834962
US,Mississippi,2022-02,21680609
US,Mississippi,2022-03,24578964
US,Mississippi,2022-04,19900197
US,Missouri,2020-01,0
US,Missouri,2020-02,0
US,Missouri,2020-03,8243
US,Missouri,2020-04,154841
US,Missouri,2020-05,342753
US,Missouri,2020-06,519169
US,Missouri,2020-07,1044352
US,Missouri,2020-08,2140723
US,Missouri,2020-09,3301946
US,Missouri,2020-10,4965230
US,Missouri,2020-11,7744876
US,Missouri,2020-12,11977072
US,Missouri,2021-01,15338937
US,Missouri,2021-02,15429718
US,Missouri,2021-03,17745838
US,Missouri,2021-04,17616248
US,Missouri,2021-05,18600385
US,Missouri,2021-06,18452761
US,Missouri,2021-07,20197309
US,Missouri,2021-08,22581014
US,Missouri,2021-09,23942668
US,Missouri,2021-10,26192737
US,Missouri,2021-11,26512296
US,Missouri,2021-12,29738039
US,Missouri,2022-01,36742046
US,Missouri,2022-02,38664103
US,Missouri,2022-03,43698902
US,Missouri,2022-04,35457362
US,Montana,2020-01,0
US,Montana,2020-02,0
US,Montana,2020-03,1129
US,Montana,2020-04,11461
US,Montana,2020-05,14580
US,Montana,2020-06,19785
US,Montana,2020-07,70538
US,Montana,2020-08,176785
US,Montana,2020-09,292908
US,Montana,2020-10,682761
US,Montana,2020-11,1436108
US,Montana,2020-12,2292221
US,Montana,2021-01,2740156
US,Montana,2021-02,2725683
US,Montana,2021-03,3170488
US,Montana,2021-04,3203334
US,Montana,2021-05,3427644
US,Montana,2021-06,3387680
US,Montana,2021-07,3557473
US,Montana,2021-08,3751598
US,Montana,2021-09,4144778
US,Montana,2021-10,5097734
US,Montana,2021-11,5557073
US,Montana,2021-12,6028258
US,Montana,2022-01,6686787
US,Montana,2022-02,7208628
US,Montana,2022-03,8418183
US,Montana,2022-04,6826068
US,Nebraska,2020-01,0
US,Nebraska,2020-02,0
US,Nebraska,2020-03,1158
US,Nebraska,2020-04,43377
US,Nebraska,2020-05,304274
US,Nebraska,2020-06,508283
US,Nebraska,2020-07,691057
US,Nebraska,2020-08,939365
US,Nebraska,2020-09,1186691
US,Nebraska,2020-10,1761850
US,Nebraska,2020-11,3001791
US,Nebraska,2020-12,4679901
US,Nebraska,2021-01,5594996
US,Nebraska,2021-02,5501718
US,Nebraska,2021-03,6358430
US,Nebraska,2021-04,6465927
US,Nebraska,2021-05,6886335
US,Nebraska,2021-06,6717215
US,Nebraska,2021-07,7005331
US,Nebraska,2021-08,7286241
US,Nebraska,2021-09,7668120
US,Nebraska,2021-10,8539775
US,Nebraska,2021-11,8928662
US,Nebraska,2021-12,10070951
US,Nebraska,2022-01,12070952
US,Nebraska,2022-02,12628303
US,Nebraska,2022-03,14784841
US,Nebraska,2022-04,11959349
US,Nevada,2020-01,0
US,Nevada,2020-02,0
US,Nevada,2020-03,6328
US,Nevada,2020-04,97567
US,Nevada,2020-05,212955
US,Nevada,2020-06,365159
US,Nevada,2020-07,1011773
US,Nevada,2020-08,1875155
US,Nevada,2020-09,2234546
US,Nevada,2020-10,2771863
US,Nevada,2020-11,3704416
US,Nevada,2020-12,5963163
US,Nevada,2021-01,7958301
US,Nevada,2021-02,8053078
US,Nevada,2021-03,9279201
US,Nevada,2021-04,9288644
US,Nevada,2021-05,9932591
US,Nevada,2021-06,9850974
US,Nevada,2021-07,10649854
US,Nevada,2021-08,11587313
US,Nevada,2021-09,12208450
US,Nevada,2021-10,13354257
US,Nevada,2021-11,13480159
US,Nevada,2021-12,14534546
US,Nevada,2022-01,17628849
US,Nevada,2022-02,18858302
US,Nevada,2022-03,21580118
US,Nevada,2022-04,17715660
US,New Hampshire,2020-01,0
US,New Hampshire,2020-02,0
US,New Hampshire,2020-03,2040
US,New Hampshire,2020-04,36047
US,New Hampshire,2020-05,108945
US,New Hampshire,2020-06,159718
US,New Hampshire,2020-07,190988
US,New Hampshire,2020-08,215951
US,New Hampshire,2020-09,233029
US,New Hampshire,2020-10,296776
US,New Hampshire,2020-11,456915
US,New Hampshire,2020-12,1045149
US,New Hampshire,2021-01,1761160
US,New Hampshire,2021-02,1990285
US,New Hampshire,2021-03,2460709
US,New Hampshire,2021-04,2707987
US,New Hampshire,2021-05,3019160
US,New Hampshire,2021-06,2974742
US,New Hampshire,2021-07,3098482
US,New Hampshire,2021-08,3215480
US,New Hampshire,2021-09,3403061
US,New Hampshire,2021-10,3958050
US,New Hampshire,2021-11,4424101
US,New Hampshire,2021-12,5603159
US,New Hampshire,2022-01,7419417
US,New Hampshire,2022-02,8101597
US,New Hampshire,2022-03,9319350
US,New Hampshire,2022-04,7621484
US,New Jersey,2020-01,0
US,New Jersey,2020-02,0
US,New Jersey,2020-03,92434
US,New Jersey,2020-04,2186712
US,New Jersey,2020-05,4477514
US,New Jersey,2020-06,5028481
US,New Jersey,2020-07,5518455
US,New Jersey,2020-08,5893152
US,New Jersey,2020-09,6072160
US,New Jersey,2020-10,7045542
US,New Jersey,2020-11,9136804
US,New Jersey,2020-12,14082856
US,New Jersey,2021-01,19147564
US,New Jersey,2021-02,20883256
US,New Jersey,2021-03,26272466
US,New Jersey,2021-04,28947207
US,New Jersey,2021-05,31314056
US,New Jersey,2021-06,30602614
US,New Jersey,2021-07,31904594
US,New Jersey,2021-08,32979088
US,New Jersey,2021-09,33745664
US,New Jersey,2021-10,36544256
US,New Jersey,2021-11,36687262
US,New Jersey,2021-12,41897297
US,New Jersey,2022-01,60002200
US,New Jersey,2022-02,60086912
US,New Jersey,2022-03,67714719
US,New Jersey,2022-04,55553625
US,New Mexico,2020-01,0
US,New Mexico,2020-02,0
US,New Mexico,2020-03,1847
US,New Mexico,2020-04,48579
US,New Mexico,2020-05,177805
US,New Mexico,2020-06,298313
US,New Mexico,2020-07,504135
US,New Mexico,2020-08,722003
US,New Mexico,2020-09,815678
US,New Mexico,2020-10,1131556
US,New Mexico,2020-11,2072560
US,New Mexico,2020-12,3811793
US,New Mexico,2021-01,4991706
US,New Mexico,2021-02,5048983
US,New Mexico,2021-03,5848479
US,New Mexico,2021-04,5839615
US,New Mexico,2021-05,6223253
US,New Mexico,2021-06,6131934
US,New Mexico,2021-07,6429934
US,New Mexico,2021-08,6841617
US,New Mexico,2021-09,7291633
US,New Mexico,2021-10,8190380
US,New Mexico,2021-11,8869139
US,New Mexico,2021-12,10366621
US,New Mexico,2022-01,12705075
US,New Mexico,2022-02,14035110
US,New Mexico,2022-03,15981527
US,New Mexico,2022-04,12989117
US,New York,2020-01,0
US,New York,2020-02,0
US,New York,2020-03,459033
US,New York,2020-04,6497427
US,New York,2020-05,10799300
US,New York,2020-06,11589235
US,New York,2020-07,12634363
US,New York,2020-08,13263222
US,New York,2020-09,13469324
US,New York,2020-10,15050023
US,New York,2020-11,17200583
US,New York,2020-12,25311941
US,New York,2021-01,37738018
US,New York,2021-02,43092026
US,New York,2021-03,54448749
US,New York,2021-04,59305995
US,New York,2021-05,64552427
US,New York,2021-06,63291737
US,New York,2021-07,65943806
US,New York,2021-08,68551270
US,New York,2021-09,70629706
US,New York,2021-10,77480492
US,New York,2021-11,79218389
US,New York,2021-12,92035228
US,New York,2022-01,135406169
US,New York,2022-02,136744368
US,New York,2022-03,153656382
US,New York,2022-04,126455218
US,North Carolina,2020-01,0
US,North Carolina,2020-02,0
US,North Carolina,2020-03,10039
US,North Carolina,2020-04,179801
US,North Carolina,2020-05,595911
US,North Carolina,2020-06,1424785
US,North Carolina,2020-07,2990075
US,North Carolina,2020-08,4641104
US,North Carolina,2020-09,5804386
US,North Carolina,2020-10,7494798
US,North Carolina,2020-11,9488482
US,North Carolina,2020-12,14021544
US,North Carolina,2021-01,20448423
US,North Carolina,2021-02,22931295
US,North Carolina,2021-03,27522903
US,North Carolina,2021-04,28240343
US,North Carolina,2021-05,30658999
US,North Carolina,2021-06,30264952
US,North Carolina,2021-07,31788536
US,North Carolina,2021-08,34825232
US,North Carolina,2021-09,39359183
US,North Carolina,2021-10,44771868
US,North Carolina,2021-11,45209336
US,North Carolina,2021-12,49214308
US,North Carolina,2022-01,63502974
US,North Carolina,2022-02,70841626
US,North Carolina,2022-03,80987095
US,North Carolina,2022-04,65955842
US,North Dakota,2020-01,0
US,North Dakota,2020-02,0
US,North Dakota,2020-03,768
US,North Dakota,2020-04,15777
US,North Dakota,2020-05,58863
US,North Dakota,2020-06,94172
US,North Dakota,2020-07,152349
US,North Dakota,2020-08,277850
US,North Dakota,2020-09,505378
US,North Dakota,2020-10,990962
US,North Dakota,2020-11,1960548
US,North Dakota,2020-12,2727698
US,North Dakota,2021-01,2945978
US,North Dakota,2021-02,2758854
US,North Dakota,2021-03,3136864
US,North Dakota,2021-04,3160235
US,North Dakota,2021-05,3375114
US,North Dakota,2021-06,3307693
US,North Dakota,2021-07,3436743
US,North Dakota,2021-08,3531537
US,North Dakota,2021-09,3740540
US,North Dakota,2021-10,4375111
US,North Dakota,2021-11,4682862
US,North Dakota,2021-12,5226477
US,North Dakota,2022-01,6169641
US,North Dakota,2022-02,6569980
US,North Dakota,2022-03,7417508
US,North Dakota,2022-04,6008230
US,Northern Mariana Islands,2020-01,0
US,Northern Mariana Islands,2020-02,0
US,Northern Mariana Islands,2020-03,4
US,Northern Mariana Islands,2020-04,343
US,Northern Mariana Islands,2020-05,581
US,Northern Mariana Islands,2020-06,854
US,Northern Mariana Islands,2020-07,1088
US,Northern Mariana Islands,2020-08,1565
US,Northern Mariana Islands,2020-09,1883
US,Northern Mariana Islands,2020-10,2528
US,Northern Mariana Islands,2020-11,3029
US,Northern Mariana Islands,2020-12,3544
US,Northern Mariana Islands,2021-01,3963
US,Northern Mariana Islands,2021-02,3816
US,Northern Mariana Islands,2021-03,4713
US,Northern Mariana Islands,2021-04,4841
US,Northern Mariana Islands,2021-05,5398
US,Northern Mariana Islands,2021-06,5490
US,Northern Mariana Islands,2021-07,5782
US,Northern Mariana Islands,2021-08,6705
US,Northern Mariana Islands,2021-09,7686
US,Northern Mariana Islands,2021-10,8824
US,Northern Mariana Islands,2021-11,14134
US,Northern Mariana Islands,2021-12,64872
US,Northern Mariana Islands,2022-01,123276
US,Northern Mariana Islands,2022-02,212782
US,Northern Mariana Islands,2022-03,326934
US,Northern Mariana Islands,2022-04,279796
US,Ohio,2020-01,0
US,Ohio,2020-02,0
US,Ohio,2020-03,12091
US,Ohio,2020-04,287175
US,Ohio,2020-05,847463
US,Ohio,2020-06,1279995
US,Ohio,2020-07,2204114
US,Ohio,2020-08,3343490
US,Ohio,2020-09,4190394
US,Ohio,2020-10,5591170
US,Ohio,2020-11,9233749
US,Ohio,2020-12,17895406
US,Ohio,2021-01,25171154
US,Ohio,2021-02,26258115
US,Ohio,2021-03,30773162
US,Ohio,2021-04,31421750
US,Ohio,2021-05,33790138
US,Ohio,2021-06,33224014
US,Ohio,2021-07,34648858
US,Ohio,2021-08,36173600
US,Ohio,2021-09,39659430
US,Ohio,2021-10,46154452
US,Ohio,2021-11,48455621
US,Ohio,2021-12,56765035
US,Ohio,2022-01,72614393
US,Ohio,2022-02,73656604
US,Ohio,2022-03,82594836
US,Ohio,2022-04,66984903
US,Oklahoma,2020-01,0
US,Oklahoma,2020-02,0
US,Oklahoma,2020-03,3054
US,Oklahoma,2020-04,67773
US,Oklahoma,2020-05,160426
US,Oklahoma,2020-06,277700
US,Oklahoma,2020-07,738401
US,Oklahoma,2020-08,1492788
US,Oklahoma,2020-09,2178611
US,Oklahoma,2020-10,3263613
US,Oklahoma,2020-11,4705959
US,Oklahoma,2020-12,7621868
US,Oklahoma,2021-01,10758501
US,Oklahoma,2021-02,11541313
US,Oklahoma,2021-03,13446327
US,Oklahoma,2021-04,13328936
US,Oklahoma,2021-05,13978779
US,Oklahoma,2021-06,13655732
US,Oklahoma,2021-07,14451549
US,Oklahoma,2021-08,15967301
US,Oklahoma,2021-09,17589509
US,Oklahoma,2021-10,19570517
US,Oklahoma,2021-11,19658755
US,Oklahoma,2021-12,21247195
US,Oklahoma,2022-01,25678891
US,Oklahoma,2022-02,28180546
US,Oklahoma,2022-03,31862184
US,Oklahoma,2022-04,25914251
US,Oregon,2020-01,0
US,Oregon,2020-02,1
US,Oregon,2020-03,4611
US,Oregon,2020-04,50088
US,Oregon,2020-05,108477
US,Oregon,2020-06,183433
US,Oregon,2020-07,420150
US,Oregon,2020-08,713297
US,Oregon,2020-09,899723
US,Oregon,2020-10,1207441
US,Oregon,2020-11,1750277
US,Oregon,2020-12,2999534
US,Oregon,2021-01,4048264
US,Oregon,2021-02,4203289
US,Oregon,2021-03,4964744
US,Oregon,2021-04,5218894
US,Oregon,2021-05,6036590
US,Oregon,2021-06,6164609
US,Oregon,2021-07,6592951
US,Oregon,2021-08,7593162
US,Oregon,2021-09,9146205
US,Oregon,2021-10,10828644
US,Oregon,2021-11,11399398
US,Oregon,2021-12,12546412
US,Oregon,2022-01,16262421
US,Oregon,2022-02,18899893
US,Oregon,2022-03,21704604
US,Oregon,2022-04,17725291
US,Pennsylvania,2020-01,0
US,Pennsylvania,2020-02,0
US,Pennsylvania,2020-03,24412
US,Pennsylvania,2020-04,821945
US,Pennsylvania,2020-05,1985343
US,Pennsylvania,2020-06,2494459
US,Pennsylvania,2020-07,3190546
US,Pennsylvania,2020-08,3970434
US,Pennsylvania,2020-09,4540046
US,Pennsylvania,2020-10,5754638
US,Pennsylvania,2020-11,8438306
US,Pennsylvania,2020-12,16151842
US,Pennsylvania,2021-01,23614488
US,Pennsylvania,2021-02,25224364
US,Pennsylvania,2021-03,30479058
US,Pennsylvania,2021-04,33107691
US,Pennsylvania,2021-05,37066974
US,Pennsylvania,2021-06,36664927
US,Pennsylvania,2021-07,38155255
US,Pennsylvania,2021-08,39393273
US,Pennsylvania,2021-09,41298959
US,Pennsylvania,2021-10,47060707
US,Pennsylvania,2021-11,49686571
US,Pennsylvania,2021-12,58014951
US,Pennsylvania,2022-01,74713402
US,Pennsylvania,2022-02,76272390
US,Pennsylvania,2022-03,85909992
US,Pennsylvania,2022-04,69843890
US,Puerto Rico,2020-01,0
US,Puerto Rico,2020-02,0
US,Puerto Rico,2020-03,982
US,Puerto Rico,2020-04,25584
US,Puerto Rico,2020-05,34826
US,Puerto Rico,2020-06,44006
US,Puerto Rico,2020-07,108204
US,Puerto Rico,2020-08,347276
US,Puerto Rico,2020-09,568699
US,Puerto Rico,2020-10,886241
US,Puerto Rico,2020-11,1287852
US,Puerto Rico,2020-12,2002842
US,Puerto Rico,2021-01,2668197
US,Puerto Rico,2021-02,2729910
US,Puerto Rico,2021-03,3208243
US,Puerto Rico,2021-04,3597224
US,Puerto Rico,2021-05,4229476
US,Puerto Rico,2021-06,4184516
US,Puerto Rico,2021-07,4406539
US,Puerto Rico,2021-08,4930054
US,Puerto Rico,2021-09,5325556
US,Puerto Rico,2021-10,5691556
US,Puerto Rico,2021-11,5611579
US,Puerto Rico,2021-12,6334307
US,Puerto Rico,2022-01,12182843
US,Puerto Rico,2022-02,13121545
US,Puerto Rico,2022-03,14792815
US,Puerto Rico,2022-04,12333091
US,Rhode Island,2020-01,0
US,Rhode Island,2020-02,0
US,Rhode Island,2020-03,2566
US,Rhode Island,2020-04,118406
US,Rhode Island,2020-05,381262
US,Rhode Island,2020-06,481310
US,Rhode Island,2020-07,549884
US,Rhode Island,2020-08,635058
US,Rhode Island,2020-09,698781
US,Rhode Island,2020-10,871329
US,Rhode Island,2020-11,1314015
US,Rhode Island,2020-12,2303209
US,Rhode Island,2021-01,3208106
US,Rhode Island,2021-02,3394694
US,Rhode Island,2021-03,4085755
US,Rhode Island,2021-04,4297329
US,Rhode Island,2021-05,4662994
US,Rhode Island,2021-06,4568395
US,Rhode Island,2021-07,4747455
US,Rhode Island,2021-08,4909137
US,Rhode Island,2021-09,5026212
US,Rhode Island,2021-10,5465112
US,Rhode Island,2021-11,5543857
US,Rhode Island,2021-12,6459080
US,Rhode Island,2022-01,9280109
US,Rhode Island,2022-02,9855905
US,Rhode Island,2022-03,11116758
US,Rhode Island,2022-04,9124726
US,South Carolina,2020-01,0
US,South Carolina,2020-02,0
US,South Carolina,2020-03,6262
US,South Carolina,2020-04,112934
US,South Carolina,2020-05,269996
US,South Carolina,2020-06,635285
US,South Carolina,2020-07,1978230
US,South Carolina,2020-08,3278566
US,South Carolina,2020-09,4017202
US,South Carolina,2020-10,5027463
US,South Carolina,2020-11,5897776
US,South Carolina,2020-12,8095910
US,South Carolina,2021-01,11769420
US,South Carolina,2021-02,13575079
US,South Carolina,2021-03,16594789
US,South Carolina,2021-04,16989314
US,South Carolina,2021-05,18211291
US,South Carolina,2021-06,17854108
US,South Carolina,2021-07,18708575
US,South Carolina,2021-08,20733368
US,South Carolina,2021-09,24160417
US,South Carolina,2021-10,27353270
US,South Carolina,2021-11,27263387
US,South Carolina,2021-12,29031722
US,South Carolina,2022-01,36320395
US,South Carolina,2022-02,40189739
US,South Carolina,2022-03,45425580
US,South Carolina,2022-04,36759332
US,South Dakota,2020-01,0
US,South Dakota,2020-02,0
US,South Dakota,2020-03,704
US,South Dakota,2020-04,36228
US,South Dakota,2020-05,118918
US,South Dakota,2020-06,177960
US,South Dakota,2020-07,240095
US,South Dakota,2020-08,326657
US,South Dakota,2020-09,529111
US,South Dakota,2020-10,1007707
US,South Dakota,2020-11,1938994
US,South Dakota,2020-12,2843016
US,South Dakota,2021-01,3244540
US,South Dakota,2021-02,3089709
US,South Dakota,2021-03,3565684
US,South Dakota,2021-04,3614586
US,South Dakota,2021-05,3831482
US,South Dakota,2021-06,3731285
US,South Dakota,2021-07,3869048
US,South Dakota,2021-08,3957081
US,South Dakota,2021-09,4162440
US,South Dakota,2021-10,4649522
US,South Dakota,2021-11,4816181
US,South Dakota,2021-12,5361278
US,South Dakota,2022-01,6328717
US,South Dakota,2022-02,6525601
US,South Dakota,2022-03,7336919
US,South Dakota,2022-04,5933067
US,Tennessee,2020-01,0
US,Tennessee,2020-02,0
US,Tennessee,2020-03,13685
US,Tennessee,2020-04,195329
US,Tennessee,2020-05,543177
US,Tennessee,2020-06,960312
US,Tennessee,2020-07,2249954
US,Tennessee,2020-08,4057874
US,Tennessee,2020-09,5245584
US,Tennessee,2020-10,6971998
US,Tennessee,2020-11,9328863
US,Tennessee,2020-12,14840522
US,Tennessee,2021-01,20706180
US,Tennessee,2021-02,20980695
US,Tennessee,2021-03,24438955
US,Tennessee,2021-04,24749144
US,Tennessee,2021-05,26428233
US,Tennessee,2021-06,25889134
US,Tennessee,2021-07,27165928
US,Tennessee,2021-08,29971080
US,Tennessee,2021-09,34869491
US,Tennessee,2021-10,39107950
US,Tennessee,2021-11,38978020
US,Tennessee,2021-12,42038703
US,Tennessee,2022-01,51615035
US,Tennessee,2022-02,55210298
US,Tennessee,2022-03,62501278
US,Tennessee,2022-04,50601133
US,Texas,2020-01,0
US,Texas,2020-02,0
US,Texas,2020-03,21333
US,Texas,2020-04,369373
US,Texas,2020-05,1209742
US,Texas,2020-06,2949790
US,Texas,2020-07,9094549
US,Texas,2020-08,17306997
US,Texas,2020-09,21606639
US,Texas,2020-10,26338246
US,Texas,2020-11,31951160
US,Texas,2020-12,46197794
US,Texas,2021-01,65807240
US,Texas,2021-02,72509527
US,Texas,2021-03,85890518
US,Texas,2021-04,86432863
US,Texas,2021-05,91943427
US,Texas,2021-06,90475797
US,Texas,2021-07,95481236
US,Texas,2021-08,105282868
US,Texas,2021-09,117003017
US,Texas,2021-10,130146709
US,Texas,2021-11,129579715
US,Texas,2021-12,138332050
US,Texas,2022-01,170852283
US,Texas,2022-02,182250262
US,Texas,2022-03,207118683
US,Texas,2022-04,169479108
US,Utah,2020-01,0
US,Utah,2020-02,0
US,Utah,2020-03,5370
US,Utah,2020-04,81945
US,Utah,2020-05,221285
US,Utah,2020-06,461201
US,Utah,2020-07,984909
US,Utah,2020-08,1442519
US,Utah,2020-09,1829235
US,Utah,2020-10,2870716
US,Utah,2020-11,4661343
US,Utah,2020-12,7428927
US,Utah,2021-01,9842356
US,Utah,2021-02,10101048
US,Utah,2021-03,11749982
US,Utah,2021-04,11752199
US,Utah,2021-05,12471363
US,Utah,2021-06,12311787
US,Utah,2021-07,13106739
US,Utah,2021-08,13874810
US,Utah,2021-09,14611047
US,Utah,2021-10,16426235
US,Utah,2021-11,17268418
US,Utah,2021-12,19102568
US,Utah,2022-01,23683685
US,Utah,2022-02,25515045
US,Utah,2022-03,28704339
US,Utah,2022-04,23226196
US,Vermont,2020-01,0
US,Vermont,2020-02,0
US,Vermont,2020-03,1839
US,Vermont,2020-04,21165
US,Vermont,2020-05,29030
US,Vermont,2020-06,33550
US,Vermont,2020-07,41004
US,Vermont,2020-08,46881
US,Vermont,2020-09,50777
US,Vermont,2020-10,60075
US,Vermont,2020-11,91482
US,Vermont,2020-12,185248
US,Vermont,2021-01,303812
US,Vermont,2021-02,383757
US,Vermont,2021-03,531684
US,Vermont,2021-04,645633
US,Vermont,2021-05,736970
US,Vermont,2021-06,729955
US,Vermont,2021-07,761831
US,Vermont,2021-08,817579
US,Vermont,2021-09,927289
US,Vermont,2021-10,1146361
US,Vermont,2021-11,1351942
US,Vermont,2021-12,1775288
US,Vermont,2022-01,2699219
US,Vermont,2022-02,3061315
US,Vermont,2022-03,3550220
US,Vermont,2022-04,2978325
US,Virgin Islands,2020-01,0
US,Virgin Islands,2020-02,0
US,Virgin Islands,2020-03,205
US,Virgin Islands,2020-04,1485
US,Virgin Islands,2020-05,2116
US,Virgin Islands,2020-06,2221
US,Virgin Islands,2020-07,7465
US,Virgin Islands,2020-08,23572
US,Virgin Islands,2020-09,37063
US,Virgin Islands,2020-10,41411
US,Virgin Islands,2020-11,43546
US,Virgin Islands,2020-12,56653
US,Virgin Islands,2021-01,69265
US,Virgin Islands,2021-02,70987
US,Virgin Islands,2021-03,86890
US,Virgin Islands,2021-04,90525
US,Virgin Islands,2021-05,101860
US,Virgin Islands,2021-06,111476
US,Virgin Islands,2021-07,129618
US,Virgin Islands,2021-08,164818
US,Virgin Islands,2021-09,190540
US,Virgin Islands,2021-10,217870
US,Virgin Islands,2021-11,221423
US,Virgin Islands,2021-12,245533
US,Virgin Islands,2022-01,411008
US,Virgin Islands,2022-02,425391
US,Virgin Islands,2022-03,481693
US,Virgin Islands,2022-04,396281
US,Virginia,2020-01,0
US,Virginia,2020-02,0
US,Virginia,2020-03,6847
US,Virginia,2020-04,223912
US,Virginia,2020-05,926151
US,Virginia,2020-06,1644315
US,Virginia,2020-07,2330822
US,Virginia,2020-08,3291423
US,Virginia,2020-09,4069642
US,Virginia,2020-10,5085677
US,Virginia,2020-11,6195771
US,Virginia,2020-12,9076350
US,Virginia,2021-01,13357007
US,Virginia,2021-02,15308866
US,Virginia,2021-03,18535629
US,Virginia,2021-04,19242413
US,Virginia,2021-05,20752253
US,Virginia,2021-06,20342775
US,Virginia,2021-07,21250074
US,Virginia,2021-08,22501365
US,Virginia,2021-09,24564027
US,Virginia,2021-10,27930814
US,Virginia,2021-11,28428334
US,Virginia,2021-12,31589889
US,Virginia,2022-01,42030538
US,Virginia,2022-02,44970330
US,Virginia,2022-03,51347047
US,Virginia,2022-04,42017255
US,Washington,2020-01,10
US,Washington,2020-02,35
US,Washington,2020-03,45411
US,Washington,2020-04,325296
US,Washington,2020-05,561785
US,Washington,2020-06,814596
US,Washington,2020-07,1403680
US,Washington,2020-08,2095186
US,Washington,2020-09,2470697
US,Washington,2020-10,3087840
US,Washington,2020-11,4149418
US,Washington,2020-12,6618129
US,Washington,2021-01,8805144
US,Washington,2021-02,9187567
US,Washington,2021-03,10905441
US,Washington,2021-04,11499794
US,Washington,2021-05,13072571
US,Washington,2021-06,13353402
US,Washington,2021-07,14284516
US,Washington,2021-08,15987996
US,Washington,2021-09,18380190
US,Washington,2021-10,21535818
US,Washington,2021-11,22613916
US,Washington,2021-12,24887528
US,Washington,2022-01,33207720
US,Washington,2022-02,39128358
US,Washington,2022-03,44678159
US,Washington,2022-04,36765055
US,West Virginia,2020-01,0
US,West Virginia,2020-02,0
US,West Virginia,2020-03,760
US,West Virginia,2020-04,21077
US,West Virginia,2020-05,47180
US,West Virginia,2020-06,71763
US,West Virginia,2020-07,144666
US,West Virginia,2020-08,262659
US,West Virginia,2020-09,394692
US,West Virginia,2020-10,609146
US,West Virginia,2020-11,1046823
US,West Virginia,2020-12,2081323
US,West Virginia,2021-01,3300070
US,West Virginia,2021-02,3563232
US,West Virginia,2021-03,4227093
US,West Virginia,2021-04,4432742
US,West Virginia,2021-05,4900759
US,West Virginia,2021-06,4893254
US,West Virginia,2021-07,5118969
US,West Virginia,2021-08,5443015
US,West Virginia,2021-09,6481278
US,West Virginia,2021-10,8012815
US,West Virginia,2021-11,8520439
US,West Virginia,2021-12,9656743
US,West Virginia,2022-01,12004530
US,West Virginia,2022-02,13292514
US,West Virginia,2022-03,15352655
US,West Virginia,2022-04,12469937
US,Wisconsin,2020-01,0
US,Wisconsin,2020-02,0
US,Wisconsin,2020-03,9404
US,Wisconsin,2020-04,118808
US,Wisconsin,2020-05,383868
US,Wisconsin,2020-06,699650
US,Wisconsin,2020-07,1245160
US,Wisconsin,2020-08,2022736
US,Wisconsin,2020-09,2855768
US,Wisconsin,2020-10,5358588
US,Wisconsin,2020-11,9931424
US,Wisconsin,2020-12,14724485
US,Wisconsin,2021-01,17417378
US,Wisconsin,2021-02,16987494
US,Wisconsin,2021-03,19427985
US,Wisconsin,2021-04,19469004
US,Wisconsin,2021-05,20738590
US,Wisconsin,2021-06,20288666
US,Wisconsin,2021-07,21099014
US,Wisconsin,2021-08,21972037
US,Wisconsin,2021-09,23064874
US,Wisconsin,2021-10,26395481
US,Wisconsin,2021-11,27955296
US,Wisconsin,2021-12,32447640
US,Wisconsin,2022-01,41193795
US,Wisconsin,2022-02,43522457
US,Wisconsin,2022-03,48953353
US,Wisconsin,2022-04,39835957
US,Wyoming,2020-01,0
US,Wyoming,2020-02,0
US,Wyoming,2020-03,716
US,Wyoming,2020-04,9826
US,Wyoming,2020-05,22805
US,Wyoming,2020-06,33714
US,Wyoming,2020-07,63972
US,Wyoming,2020-08,102415
US,Wyoming,2020-09,140060
US,Wyoming,2020-10,279238
US,Wyoming,2020-11,698302
US,Wyoming,2020-12,1239260
US,Wyoming,2021-01,1509296
US,Wyoming,2021-02,1491294
US,Wyoming,2021-03,1716641
US,Wyoming,2021-04,1716152
US,Wyoming,2021-05,1835244
US,Wyoming,2021-06,1839362
US,Wyoming,2021-07,1970340
US,Wyoming,2021-08,2152271
US,Wyoming,2021-09,2491712
US,Wyoming,2021-10,3014071
US,Wyoming,2021-11,3236264
US,Wyoming,2021-12,3515362
US,Wyoming,2022-01,4004880
US,Wyoming,2022-02,4272079
US,Wyoming,2022-03,4829026
US,Wyoming,2022-04,3907134
